<?xml version="1.0" encoding="UTF-8"?><rss version="2.0"
	xmlns:content="http://purl.org/rss/1.0/modules/content/"
	xmlns:wfw="http://wellformedweb.org/CommentAPI/"
	xmlns:dc="http://purl.org/dc/elements/1.1/"
	xmlns:atom="http://www.w3.org/2005/Atom"
	xmlns:sy="http://purl.org/rss/1.0/modules/syndication/"
	xmlns:slash="http://purl.org/rss/1.0/modules/slash/"
	>

<channel>
	<title>Uncategorized &#8211; LiveFootyBall</title>
	<atom:link href="https://github.com/livefootyball/livefootyball.github.io.git/category/uncategorized/feed/" rel="self" type="application/rss+xml" />
	<link>https://github.com/livefootyball/livefootyball.github.io.git</link>
	<description>Live Football Matches</description>
	<lastBuildDate>Sat, 20 Jan 2024 07:48:20 +0000</lastBuildDate>
	<language>en-US</language>
	<sy:updatePeriod>
	hourly	</sy:updatePeriod>
	<sy:updateFrequency>
	1	</sy:updateFrequency>
	<generator>https://wordpress.org/?v=6.4.3</generator>

<image>
	<url>https://github.com/livefootyball/livefootyball.github.io.git/wp-content/uploads/2024/01/football-ball-sport-157930.png</url>
	<title>Uncategorized &#8211; LiveFootyBall</title>
	<link>https://github.com/livefootyball/livefootyball.github.io.git</link>
	<width>32</width>
	<height>32</height>
</image> 
	<item>
		<title>Hello world!</title>
		<link>https://github.com/livefootyball/livefootyball.github.io.git/hello-world/</link>
					<comments>https://github.com/livefootyball/livefootyball.github.io.git/hello-world/#comments</comments>
		
		<dc:creator><![CDATA[demo]]></dc:creator>
		<pubDate>Sat, 20 Jan 2024 07:48:20 +0000</pubDate>
				<category><![CDATA[Uncategorized]]></category>
		<guid isPermaLink="false">https://github.com/livefootyball/livefootyball.github.io.git/?p=1</guid>

					<description><![CDATA[Welcome to WordPress. This is your first post. Edit or delete it, then start writing!]]></description>
										<content:encoded><![CDATA[
<p>Welcome to WordPress. This is your first post. Edit or delete it, then start writing!</p>
]]></content:encoded>
					
					<wfw:commentRss>https://github.com/livefootyball/livefootyball.github.io.git/hello-world/feed/</wfw:commentRss>
			<slash:comments>1</slash:comments>
		
		
			</item>
	</channel>
</rss>
